city,companyField,companyName,companySize,detailLink,experience,full_or_parttime,month_salary,positionName,qualification
,,,,,,,,,
成都,"移动互联网,数据服务",北京字节跳动科技有限公司,2000人以上,https://www.lagou.com/jobs/5059674.html,1-3年,全职,5k-8k,数据分析师,本科
,,,,,,,,,
成都,O2O,达疆网络科技（上海）有限公司,2000人以上,https://www.lagou.com/jobs/3477667.html,1-3年,全职,10k-20k,数据分析师,本科
,,,,,,,,,
北京,"移动互联网,O2O",贝壳找房（北京）科技有限公司,2000人以上,https://www.lagou.com/jobs/5139102.html,3-5年,全职,20k-35k,数据分析师,本科
,,,,,,,,,
上海,移动互联网,上海基分文化传播有限公司,500-2000人,https://www.lagou.com/jobs/4432464.html,5-10年,全职,20k-40k,数据分析,本科
,,,,,,,,,
北京,"移动互联网,O2O",北京自如友家资产管理有限公司,2000人以上,https://www.lagou.com/jobs/4983118.html,1-3年,全职,10k-20k,数据分析师,本科
,,,,,,,,,
北京,"移动互联网,金融",杭州财米科技有限公司,500-2000人,https://www.lagou.com/jobs/4155069.html,1-3年,全职,10k-15k,数据分析师 (MJ000766),不限
,,,,,,,,,
北京,"移动互联网,教育",北京世纪好未来教育科技有限公司,2000人以上,https://www.lagou.com/jobs/4858587.html,不限,全职,15k-30k,数据分析师,本科
,,,,,,,,,
广州,"移动互联网,社交网络",广州微咔世纪信息科技有限公司,50-150人,https://www.lagou.com/jobs/5081865.html,1-3年,全职,8k-15k,数据分析师,大专
,,,,,,,,,
北京,"移动互联网,电子商务",北京值得买科技股份有限公司,500-2000人,https://www.lagou.com/jobs/4445500.html,3-5年,全职,15k-30k,数据分析师,本科
,,,,,,,,,
北京,"移动互联网,信息安全",北京金山网络科技有限公司,500-2000人,https://www.lagou.com/jobs/4985342.html,3-5年,全职,15k-30k,数据分析,本科
,,,,,,,,,
北京,"广告营销,文化娱乐",北京奇艺世纪科技有限公司,2000人以上,https://www.lagou.com/jobs/4841348.html,1-3年,全职,7k-12k,数据分析师-销售,本科
,,,,,,,,,
深圳,移动互联网,OPPO广东移动通信有限公司,2000人以上,https://www.lagou.com/jobs/3868326.html,1-3年,全职,15k-30k,数据分析师,本科
,,,,,,,,,
杭州,"移动互联网,O2O",杭州大搜车汽车服务有限公司,2000人以上,https://www.lagou.com/jobs/4812837.html,3-5年,全职,10k-20k,数据分析师 08-02-29,本科
,,,,,,,,,
杭州,移动互联网,杭州铜板街互联网金融信息服务有限公司,150-500人,https://www.lagou.com/jobs/3917751.html,3-5年,全职,15k-30k,数据分析师,本科
,,,,,,,,,
上海,"移动互联网,教育",上海流利说信息技术有限公司,500-2000人,https://www.lagou.com/jobs/4618410.html,1-3年,全职,18k-32k,数据分析师,本科
,,,,,,,,,
成都,"移动互联网,数据服务",北京字节跳动科技有限公司,2000人以上,https://www.lagou.com/jobs/5090278.html,1-3年,全职,6k-10k,数据分析师,本科
,,,,,,,,,
上海,移动互联网,上海基分文化传播有限公司,500-2000人,https://www.lagou.com/jobs/5090491.html,3-5年,全职,20k-40k,数据分析师,本科
,,,,,,,,,
北京,"移动互联网,O2O",贝壳找房（北京）科技有限公司,2000人以上,https://www.lagou.com/jobs/5067624.html,3-5年,全职,20k-40k,数据分析,本科
,,,,,,,,,
杭州,"移动互联网,O2O",杭州大搜车汽车服务有限公司,2000人以上,https://www.lagou.com/jobs/1048957.html,1-3年,全职,10k-18k,数据分析师,本科
,,,,,,,,,
深圳,金融,众安在线财产保险股份有限公司,2000人以上,https://www.lagou.com/jobs/4668130.html,3-5年,全职,9k-10k,数据分析师,本科
,,,,,,,,,
北京,"移动互联网,教育",北京世纪好未来教育科技有限公司,2000人以上,https://www.lagou.com/jobs/4921350.html,3-5年,全职,25k-35k,数据分析师,本科
,,,,,,,,,
北京,"移动互联网,教育",小船出海教育科技（北京）有限公司,2000人以上,https://www.lagou.com/jobs/4538906.html,3-5年,全职,20k-35k,数据分析师,本科
,,,,,,,,,
北京,"移动互联网,旅游",北京蚂蜂窝网络科技有限公司,500-2000人,https://www.lagou.com/jobs/2853840.html,1-3年,全职,15k-30k,数据分析师,本科
,,,,,,,,,
深圳,"移动互联网,金融",深圳市随手科技有限公司,500-2000人,https://www.lagou.com/jobs/4836304.html,1-3年,全职,10k-20k,数据分析师,本科
,,,,,,,,,
北京,"广告营销,文化娱乐",北京奇艺世纪科技有限公司,2000人以上,https://www.lagou.com/jobs/4721458.html,1-3年,全职,6k-12k,数据分析师,本科
,,,,,,,,,
北京,"移动互联网,电子商务",北京值得买科技股份有限公司,500-2000人,https://www.lagou.com/jobs/5093836.html,1-3年,全职,12k-15k,数据分析-商品库,本科
,,,,,,,,,
杭州,"移动互联网,O2O",杭州优行科技有限公司,500-2000人,https://www.lagou.com/jobs/4604559.html,1-3年,全职,6k-10k,数据分析-专车,本科
,,,,,,,,,
郑州,不限 移动互联网,郑州蓝之海软件科技有限公司,2000人以上,https://www.lagou.com/jobs/4707336.html,不限,全职,4k-8k,数据分析,硕士
,,,,,,,,,
北京,"企业服务,招聘",北京拉勾网络技术有限公司,500-2000人,https://www.lagou.com/jobs/5133068.html,1-3年,全职,15k-30k,数据分析工程师,本科
,,,,,,,,,
上海,"移动互联网,教育",上海流利说信息技术有限公司,500-2000人,https://www.lagou.com/jobs/4390246.html,不限,全职,5k-7k,数据分析专员,本科
,,,,,,,,,
北京,"移动互联网,O2O",贝壳找房（北京）科技有限公司,2000人以上,https://www.lagou.com/jobs/4824039.html,5-10年,全职,25k-40k,数据分析类,本科
,,,,,,,,,
北京,"移动互联网,数据服务",北京字节跳动科技有限公司,2000人以上,https://www.lagou.com/jobs/5123505.html,不限,全职,15k-25k,数据分析师,本科
,,,,,,,,,
上海,金融,众安在线财产保险股份有限公司,2000人以上,https://www.lagou.com/jobs/5090369.html,1-3年,全职,15k-25k,数据分析师,本科
,,,,,,,,,
北京,移动互联网,上海基分文化传播有限公司,500-2000人,https://www.lagou.com/jobs/5115494.html,不限,全职,10k-20k,数据分析师,本科
,,,,,,,,,
北京,"移动互联网,教育",北京世纪好未来教育科技有限公司,2000人以上,https://www.lagou.com/jobs/4970861.html,3-5年,全职,15k-30k,数据分析,本科
,,,,,,,,,
北京,"移动互联网,电子商务",北京值得买科技股份有限公司,500-2000人,https://www.lagou.com/jobs/5098019.html,3-5年,全职,13k-25k,策略/数据分析师,硕士
,,,,,,,,,
上海,"广告营销,文化娱乐",北京奇艺世纪科技有限公司,2000人以上,https://www.lagou.com/jobs/4965050.html,1-3年,全职,8k-16k,数据分析(base上海),本科
,,,,,,,,,
深圳,"移动互联网,金融",深圳市随手科技有限公司,500-2000人,https://www.lagou.com/jobs/5051290.html,3-5年,全职,15k-30k,数据分析师-高级,本科
,,,,,,,,,
北京,"移动互联网,O2O",北京自如友家资产管理有限公司,2000人以上,https://www.lagou.com/jobs/4270802.html,1-3年,全职,7k-14k,数据分析专员,本科
,,,,,,,,,
南京,"移动互联网,其他",南京石匠网络科技有限公司,15-50人,https://www.lagou.com/jobs/5070835.html,1-3年,全职,8k-12k,数据分析师,本科
,,,,,,,,,
大连,"移动互联网,数据服务",联想（北京）有限公司,2000人以上,https://www.lagou.com/jobs/5138763.html,1-3年,全职,8k-13k,数据分析师,本科
,,,,,,,,,
北京,数据服务,联通大数据有限公司,50-150人,https://www.lagou.com/jobs/4141532.html,1-3年,全职,20k-25k,数据分析,本科
,,,,,,,,,
上海,"移动互联网,企业服务",北京盛安德科技发展有限公司,150-500人,https://www.lagou.com/jobs/4512248.html,3-5年,全职,15k-25k,数据分析师,本科
,,,,,,,,,
北京,金融,普信恒业科技发展（北京）有限公司,2000人以上,https://www.lagou.com/jobs/4779510.html,5-10年,全职,40k-50k,数据分析,本科
,,,,,,,,,
北京,金融,京东金融,2000人以上,https://www.lagou.com/jobs/5136058.html,5-10年,全职,25k-50k,数据分析师,硕士
,,,,,,,,,
天津,"移动互联网,数据服务",北京字节跳动科技有限公司,2000人以上,https://www.lagou.com/jobs/5121442.html,3-5年,全职,8k-12k,数据分析师,本科
,,,,,,,,,
北京,"移动互联网,O2O",贝壳找房（北京）科技有限公司,2000人以上,https://www.lagou.com/jobs/5062901.html,3-5年,全职,25k-30k,数据分析师,本科
,,,,,,,,,
北京,"移动互联网,教育",北京世纪好未来教育科技有限公司,2000人以上,https://www.lagou.com/jobs/5085130.html,1-3年,全职,15k-25k,数据分析师-脑科学,硕士
,,,,,,,,,
上海,移动互联网,上海基分文化传播有限公司,500-2000人,https://www.lagou.com/jobs/4484600.html,3-5年,全职,15k-30k,数据分析与开发工程师,本科
,,,,,,,,,
杭州,金融,众安在线财产保险股份有限公司,2000人以上,https://www.lagou.com/jobs/4495630.html,1-3年,全职,15k-30k,数据分析师,本科
,,,,,,,,,
北京,"移动互联网,电子商务",北京值得买科技股份有限公司,500-2000人,https://www.lagou.com/jobs/4215553.html,1-3年,全职,10k-20k,数据分析师(好价),不限
,,,,,,,,,
北京,"移动互联网,O2O",北京自如友家资产管理有限公司,2000人以上,https://www.lagou.com/jobs/4535740.html,5-10年,全职,15k-30k,数据分析经理,本科
,,,,,,,,,
北京,"广告营销,文化娱乐",北京奇艺世纪科技有限公司,2000人以上,https://www.lagou.com/jobs/5099866.html,3-5年,实习,1k-2k,数据分析实习生,本科
,,,,,,,,,
深圳,"企业服务,数据服务",深圳市位和科技有限责任公司,15-50人,https://www.lagou.com/jobs/5140066.html,3-5年,全职,10K-20K,数据分析师,硕士
,,,,,,,,,
北京,"移动互联网,金融",北京瓴岳信息技术有限公司,150-500人,https://www.lagou.com/jobs/4326488.html,3-5年,全职,30k-45k,数据分析师,本科
,,,,,,,,,
郑州,移动互联网,中移在线服务有限公司,2000人以上,https://www.lagou.com/jobs/4750125.html,3-5年,全职,12k-24k,数据分析岗,本科
,,,,,,,,,
深圳,移动互联网,OPPO广东移动通信有限公司,2000人以上,https://www.lagou.com/jobs/4499800.html,1-3年,全职,5k-10k,数据分析助理,本科
,,,,,,,,,
武汉,"移动互联网,游戏",武汉掌游科技有限公司,150-500人,https://www.lagou.com/jobs/4891395.html,3-5年,全职,6k-12k,数据分析师,本科
,,,,,,,,,
厦门,"移动互联网,电子商务",厦门掌酷信息科技有限公司,150-500人,https://www.lagou.com/jobs/4659746.html,不限,全职,6k-12k,数据分析师,大专
,,,,,,,,,
北京,移动互联网,高德软件有限公司,2000人以上,https://www.lagou.com/jobs/4507231.html,3-5年,全职,20k-40k,数据分析专家,本科
,,,,,,,,,
深圳,"移动互联网,数据服务",北京字节跳动科技有限公司,2000人以上,https://www.lagou.com/jobs/5120858.html,1-3年,全职,15k-30k,数据分析师,本科
,,,,,,,,,
北京,"移动互联网,教育",北京世纪好未来教育科技有限公司,2000人以上,https://www.lagou.com/jobs/4547765.html,3-5年,全职,15k-25k,大数据部-用户研究员（会数据分析）,本科
,,,,,,,,,
上海,"移动互联网,O2O",贝壳找房（北京）科技有限公司,2000人以上,https://www.lagou.com/jobs/5070560.html,3-5年,全职,15k-30k,数据分析师,本科
,,,,,,,,,
北京,"移动互联网,O2O",北京自如友家资产管理有限公司,2000人以上,https://www.lagou.com/jobs/4653477.html,3-5年,全职,15k-30k,数据分析专家,本科
,,,,,,,,,
北京,"移动互联网,电子商务",北京值得买科技股份有限公司,500-2000人,https://www.lagou.com/jobs/4153616.html,不限,全职,8k-11k,数据分析专员,本科
,,,,,,,,,
上海,移动互联网,上海基分文化传播有限公司,500-2000人,https://www.lagou.com/jobs/4832791.html,5-10年,全职,25k-50k,资深数据分析师,本科
,,,,,,,,,
北京,金融,北京弘合柏基金融信息服务有限责任公司,2000人以上,https://www.lagou.com/jobs/4629774.html,3-5年,全职,15k-30k,数据分析师 --10号线亮马桥,本科
,,,,,,,,,
上海,"移动互联网,金融",上海米么金融信息服务有限公司,150-500人,https://www.lagou.com/jobs/5138462.html,1-3年,全职,15k-20k,数据分析师,本科
,,,,,,,,,
北京,金融,普信恒业科技发展（北京）有限公司,2000人以上,https://www.lagou.com/jobs/4781615.html,3-5年,全职,40k-50k,数据分析,本科
,,,,,,,,,
北京,"移动互联网,金融",北京瓴岳信息技术有限公司,150-500人,https://www.lagou.com/jobs/4555438.html,3-5年,全职,35k-45k,数据分析师,本科
,,,,,,,,,
北京,"社交网络,文化娱乐",小糖互联（北京）网络科技有限公司,50-150人,https://www.lagou.com/jobs/4223211.html,3-5年,全职,18k-35k,数据分析师,本科
,,,,,,,,,
北京,金融,京东金融,2000人以上,https://www.lagou.com/jobs/5136308.html,5-10年,全职,25k-50k,数据分析师,硕士
,,,,,,,,,
北京,金融,阳光保险集团股份有限公司,2000人以上,https://www.lagou.com/jobs/4313117.html,3-5年,全职,15k-25k,数据分析岗,本科
,,,,,,,,,
烟台,"数据服务,广告营销",秒针信息技术有限公司,500-2000人,https://www.lagou.com/jobs/4746152.html,不限,全职,3k-4k,数据分析师,本科
,,,,,,,,,
上海,移动互联网,遨游酒店信息技术(深圳)有限责任公司,500-2000人,https://www.lagou.com/jobs/5079157.html,1-3年,全职,6k-12k,数据分析,本科
,,,,,,,,,
西安,"移动互联网,数据服务",北京字节跳动科技有限公司,2000人以上,https://www.lagou.com/jobs/5056786.html,1-3年,全职,4k-7k,数据分析师,本科
,,,,,,,,,
北京,"移动互联网,教育",北京世纪好未来教育科技有限公司,2000人以上,https://www.lagou.com/jobs/5072596.html,3-5年,全职,15k-30k,数据产品经理/数据分析师,本科
,,,,,,,,,
北京,"移动互联网,O2O",贝壳找房（北京）科技有限公司,2000人以上,https://www.lagou.com/jobs/4810872.html,不限,全职,15k-30k,数据分析主管,本科
,,,,,,,,,
北京,"移动互联网,金融",北京瓴岳信息技术有限公司,150-500人,https://www.lagou.com/jobs/4206490.html,3-5年,全职,25k-45k,数据分析师,本科
,,,,,,,,,
北京,移动互联网,上海基分文化传播有限公司,500-2000人,https://www.lagou.com/jobs/5059428.html,不限,全职,4k-8k,数据分析实习生,硕士
,,,,,,,,,
北京,"企业服务,广告营销",北京丽兹行房地产顾问有限公司,500-2000人,https://www.lagou.com/jobs/3975480.html,1-3年,全职,10k-15k,大数据分析师,本科
,,,,,,,,,
北京,"移动互联网,游戏",浙江齐聚科技有限公司北京分公司,150-500人,https://www.lagou.com/jobs/4409025.html,3-5年,全职,10k-15k,数据分析师,本科
,,,,,,,,,
北京,金融,京东金融,2000人以上,https://www.lagou.com/jobs/5135683.html,3-5年,全职,25k-50k,数据分析师,硕士
,,,,,,,,,
上海,移动互联网,苏州融畅软件科技有限公司,50-150人,https://www.lagou.com/jobs/5133415.html,5-10年,全职,25k-42k,数据分析,本科
,,,,,,,,,
北京,"移动互联网,旅游",北京蚂蜂窝网络科技有限公司,500-2000人,https://www.lagou.com/jobs/4533875.html,不限,实习,2k-4k,数据分析实习生,本科
,,,,,,,,,
北京,金融,随行付支付有限公司,500-2000人,https://www.lagou.com/jobs/4999054.html,5-10年,全职,15k-30k,数据分析,本科
,,,,,,,,,
北京,"移动互联网,游戏",完美世界（北京）软件科技发展有限公司,2000人以上,https://www.lagou.com/jobs/4436287.html,不限,全职,10k-15k,数据分析师(3838),不限
,,,,,,,,,
武汉,"移动互联网,其他",湖北百旺金赋科技有限公司,150-500人,https://www.lagou.com/jobs/4587873.html,1-3年,全职,6k-10k,数据分析师,本科
,,,,,,,,,
北京,移动互联网,联通支付有限公司,150-500人,https://www.lagou.com/jobs/4321774.html,3-5年,全职,15k-25k,数据分析,本科
,,,,,,,,,
北京,"移动互联网,金融",北京轻松筹网络科技有限公司,500-2000人,https://www.lagou.com/jobs/5040403.html,1-3年,全职,15k-25k,数据分析,本科
,,,,,,,,,
北京,"移动互联网,数据服务",北京字节跳动科技有限公司,2000人以上,https://www.lagou.com/jobs/4929824.html,1-3年,全职,15k-30k,数据分析师-增长策略方向,本科
,,,,,,,,,
北京,"移动互联网,O2O",贝壳找房（北京）科技有限公司,2000人以上,https://www.lagou.com/jobs/5030412.html,5-10年,全职,18k-28k,数据分析/运营,本科
,,,,,,,,,
北京,"移动互联网,教育",北京世纪好未来教育科技有限公司,2000人以上,https://www.lagou.com/jobs/5041746.html,5-10年,全职,30k-50k,数据分析专家,本科
,,,,,,,,,
北京,"移动互联网,金融",北京瓴岳信息技术有限公司,150-500人,https://www.lagou.com/jobs/5066649.html,1-3年,全职,15k-30k,数据分析师,硕士
,,,,,,,,,
北京,移动互联网,高德软件有限公司,2000人以上,https://www.lagou.com/jobs/5084959.html,1-3年,全职,20k-30k,数据分析方向-数据工艺工程师-昌平,硕士
,,,,,,,,,
北京,电子商务,北京京东世纪贸易有限公司,2000人以上,https://www.lagou.com/jobs/5003447.html,3-5年,全职,15k-25k,数据分析师,本科
,,,,,,,,,
北京,"移动互联网,O2O",北京怡合春天科技有限公司,50-150人,https://www.lagou.com/jobs/4974390.html,1年以下,全职,15k-25k,数据分析师,本科
,,,,,,,,,
北京,移动互联网,北京嘀嘀无限科技发展有限公司,2000人以上,https://www.lagou.com/jobs/4825113.html,3-5年,全职,15k-30k,数据分析师(J180705017),本科
,,,,,,,,,
上海,"移动互联网,硬件",上海蔚来汽车有限公司,2000人以上,https://www.lagou.com/jobs/5083649.html,1-3年,全职,15k-25k,数据分析师,本科
,,,,,,,,,
广州,"移动互联网,数据服务",北京易思易度科技有限公司广州分公司,50-150人,https://www.lagou.com/jobs/4063711.html,不限,全职,5K-8K,数据分析员,本科
,,,,,,,,,
北京,"生活服务,电子商务",北京造化科技有限公司,150-500人,https://www.lagou.com/jobs/4057574.html,5-10年,全职,10k-15k,数据分析师,本科
,,,,,,,,,
北京,"移动互联网,教育",北京作业盒子科技有限公司,500-2000人,https://www.lagou.com/jobs/4829465.html,3-5年,全职,20k-40k,数据分析,本科
,,,,,,,,,
合肥,移动互联网,飞友科技有限公司,150-500人,https://www.lagou.com/jobs/4426819.html,3-5年,全职,7k-14k,数据分析师,大专
,,,,,,,,,
北京,"移动互联网,游戏",完美世界（北京）软件科技发展有限公司,2000人以上,https://www.lagou.com/jobs/4369679.html,不限,全职,10k-15k,数据分析师(3776),不限
,,,,,,,,,
北京,教育 移动互联网,北京吾好科技发展有限公司,150-500人,https://www.lagou.com/jobs/4185934.html,3-5年,全职,20k-40k,数据分析师,本科
,,,,,,,,,
北京,"移动互联网,数据服务",北京字节跳动科技有限公司,2000人以上,https://www.lagou.com/jobs/5121726.html,1-3年,全职,15k-25k,数据分析师-内容付费,本科
,,,,,,,,,
北京,"移动互联网,教育",北京世纪好未来教育科技有限公司,2000人以上,https://www.lagou.com/jobs/5075365.html,不限,实习,2k-4k,数据分析实习生,本科
,,,,,,,,,
北京,"移动互联网,金融",北京瓴岳信息技术有限公司,150-500人,https://www.lagou.com/jobs/5101825.html,1-3年,全职,15k-25k,数据分析师,硕士
,,,,,,,,,
上海,电子商务,上海河姆渡实业发展有限公司,500-2000人,https://www.lagou.com/jobs/4474387.html,3-5年,全职,15k-20k,数据分析师,本科
,,,,,,,,,
南京,数据服务,南京浦和数据有限公司,15-50人,https://www.lagou.com/jobs/3908272.html,不限,全职,10k-20k,数据分析师,本科
,,,,,,,,,
北京,"生活服务,电子商务",北京造化科技有限公司,150-500人,https://www.lagou.com/jobs/4900597.html,1-3年,全职,10k-15k,数据分析师,本科
,,,,,,,,,
杭州,"移动互联网,金融",浙江霖梓控股有限公司,150-500人,https://www.lagou.com/jobs/4202135.html,3-5年,全职,8k-15k,数据分析,本科
,,,,,,,,,
杭州,金融,众安在线财产保险股份有限公司,2000人以上,https://www.lagou.com/jobs/2850663.html,应届毕业生,实习,4k-5k,数据分析实习生,本科
,,,,,,,,,
北京,"广告营销,文化娱乐",北京奇艺世纪科技有限公司,2000人以上,https://www.lagou.com/jobs/4866747.html,3-5年,全职,25k-50k,资深数据分析师,本科
,,,,,,,,,
北京,游戏,清枫（北京）科技有限公司,50-150人,https://www.lagou.com/jobs/4013707.html,1-3年,全职,15k-30k,数据分析师,本科
,,,,,,,,,
重庆,"移动互联网,电子商务",重庆优启科技有限公司,50-150人,https://www.lagou.com/jobs/5117516.html,1-3年,全职,6k-8k,数据分析师,大专
,,,,,,,,,
长沙,"移动互联网,数据服务",长沙冉星信息科技有限公司,50-150人,https://www.lagou.com/jobs/4845373.html,3-5年,全职,23k-30k,大数据分析师,本科
,,,,,,,,,
广州,"移动互联网,电子商务",广州富力地产股份有限公司,2000人以上,https://www.lagou.com/jobs/1396191.html,3-5年,全职,10k-20k,数据分析,本科
,,,,,,,,,
武汉,"移动互联网,金融",灯塔财经信息有限公司,15-50人,https://www.lagou.com/jobs/5037237.html,1-3年,全职,3k-6k,数据分析师,本科
,,,,,,,,,
南京,"移动互联网,O2O",北京满运物流信息有限公司,500-2000人,https://www.lagou.com/jobs/4962307.html,1-3年,全职,9k-10k,数据分析,本科
,,,,,,,,,
北京,"移动互联网,数据服务",北京字节跳动科技有限公司,2000人以上,https://www.lagou.com/jobs/5132872.html,1-3年,全职,10k-20k,数据分析师-增长方向,本科
,,,,,,,,,
北京,"移动互联网,教育",北京世纪好未来教育科技有限公司,2000人以上,https://www.lagou.com/jobs/5092489.html,不限,实习,2k-3k,数据分析实习生,本科
,,,,,,,,,
北京,游戏,时空幻境（北京）科技有限公司,150-500人,https://www.lagou.com/jobs/4545009.html,5-10年,全职,18k-36k,数据分析,本科
,,,,,,,,,
北京,"移动互联网,文化娱乐",北京车之家信息技术有限公司,2000人以上,https://www.lagou.com/jobs/3984989.html,3-5年,全职,15k-25k,数据分析师,本科
,,,,,,,,,
北京,金融,狮桥融资租赁（中国）有限公司,500-2000人,https://www.lagou.com/jobs/5024476.html,3-5年,全职,15k-25k,数据分析师,本科
,,,,,,,,,
青岛,金融,上海前隆信息科技有限公司,500-2000人,https://www.lagou.com/jobs/4097059.html,1-3年,全职,10k-15k,数据分析师,硕士
,,,,,,,,,
北京,"移动互联网,金融",北京瓴岳信息技术有限公司,150-500人,https://www.lagou.com/jobs/5082453.html,1-3年,全职,15k-30k,数据分析师,硕士
,,,,,,,,,
北京,"移动互联网,O2O",北京三快在线科技有限公司,2000人以上,https://www.lagou.com/jobs/5036359.html,3-5年,全职,15k-25k,数据分析,本科
,,,,,,,,,
武汉,"游戏,文化娱乐",湖北盛天网络技术股份有限公司,500-2000人,https://www.lagou.com/jobs/5051277.html,1-3年,全职,4k-6k,数据分析师,大专
,,,,,,,,,
深圳,"移动互联网,数据服务",深圳数位传媒科技有限公司,50-150人,https://www.lagou.com/jobs/4210417.html,5-10年,全职,20k-30k,数据分析师,本科
,,,,,,,,,
上海,数据服务,神策网络科技（北京）有限公司,150-500人,https://www.lagou.com/jobs/4757428.html,3-5年,全职,15k-25k,数据分析师-上海,本科
,,,,,,,,,
杭州,"移动互联网,电子商务",户帮户（杭州）科技有限公司,150-500人,https://www.lagou.com/jobs/5138372.html,1-3年,全职,8k-12k,数据分析,本科
,,,,,,,,,
北京,移动互联网,彪洋科技（北京）有限公司,150-500人,https://www.lagou.com/jobs/5095446.html,1-3年,全职,8k-15k,数据分析师,本科
,,,,,,,,,
北京,"移动互联网,O2O",北京互连众信科技有限公司,150-500人,https://www.lagou.com/jobs/3493586.html,1-3年,全职,10k-20k,数据分析,本科
,,,,,,,,,
北京,移动互联网,上海众言网络科技有限公司,150-500人,https://www.lagou.com/jobs/5065055.html,1-3年,全职,5k-9k,数据分析师,本科
,,,,,,,,,
深圳,"移动互联网,数据服务",北京字节跳动科技有限公司,2000人以上,https://www.lagou.com/jobs/4874725.html,1-3年,全职,20k-40k,数据分析-创新工作,本科
,,,,,,,,,
上海,教育,上海风创信息咨询有限公司,2000人以上,https://www.lagou.com/jobs/4821030.html,3-5年,全职,20k-30k,数据分析师,本科
,,,,,,,,,
珠海,移动互联网,北京金山软件有限公司,2000人以上,https://www.lagou.com/jobs/4029391.html,3-5年,全职,13k-26k,数据分析师,大专
,,,,,,,,,
北京,"移动互联网,文化娱乐",北京车之家信息技术有限公司,2000人以上,https://www.lagou.com/jobs/4999343.html,3-5年,全职,20k-30k,数据分析师,本科
,,,,,,,,,
北京,"移动互联网,生活服务",北京花生便利科技有限公司,150-500人,https://www.lagou.com/jobs/4286887.html,3-5年,全职,15k-30k,数据分析师,本科
,,,,,,,,,
北京,"移动互联网,O2O",北京小度信息科技有限公司,2000人以上,https://www.lagou.com/jobs/3753766.html,1-3年,全职,10k-20k,数据分析,本科
,,,,,,,,,
北京,数据服务,精硕科技（北京）股份有限公司,500-2000人,https://www.lagou.com/jobs/5075722.html,3-5年,全职,15k-30k,数据分析师,本科
,,,,,,,,,
北京,金融,北京弘合柏基金融信息服务有限责任公司,2000人以上,https://www.lagou.com/jobs/4685957.html,3-5年,全职,15k-30k,数据分析师,本科
,,,,,,,,,
北京,"电子商务,数据服务",北京京东世纪贸易有限公司,2000人以上,https://www.lagou.com/jobs/2135933.html,3-5年,全职,8k-10k,数据分析,本科
,,,,,,,,,
杭州,"移动互联网,硬件",北京伊电园网络科技有限公司,500-2000人,https://www.lagou.com/jobs/3759443.html,5-10年,全职,15k-25k,数据分析,本科
,,,,,,,,,
北京,"移动互联网,金融",北京理房通支付科技有限公司,150-500人,https://www.lagou.com/jobs/4893568.html,3-5年,全职,14k-25k,数据分析,本科
,,,,,,,,,
北京,金融,普信恒业科技发展（北京）有限公司,2000人以上,https://www.lagou.com/jobs/4973641.html,1-3年,全职,6k-9k,数据分析,本科
,,,,,,,,,
上海,O2O,达疆网络科技（上海）有限公司,2000人以上,https://www.lagou.com/jobs/3290614.html,3-5年,全职,15k-25k,数据分析师（中高级）,本科
,,,,,,,,,
海口,"移动互联网,电子商务",上海网达软件股份有限公司,500-2000人,https://www.lagou.com/jobs/4598823.html,不限,全职,4k-7k,海南分省--数据分析,不限
,,,,,,,,,
北京,"移动互联网,O2O",北京维康恒美信息技术有限公司,150-500人,https://www.lagou.com/jobs/4852927.html,3-5年,全职,15k-25k,数据分析,本科
,,,,,,,,,
深圳,"移动互联网,数据服务",北京字节跳动科技有限公司,2000人以上,https://www.lagou.com/jobs/4890946.html,1-3年,全职,20k-40k,数据分析-创新工具,本科
,,,,,,,,,
北京,"移动互联网,O2O",北京小度信息科技有限公司,2000人以上,https://www.lagou.com/jobs/4358906.html,3-5年,全职,10k-20k,数据分析师,本科
,,,,,,,,,
南京,移动互联网,北京阿博茨科技有限公司,150-500人,https://www.lagou.com/jobs/4876862.html,3-5年,全职,6k-12k,数据分析,本科
,,,,,,,,,
成都,教育,成都娄外科技有限公司,50-150人,https://www.lagou.com/jobs/4216714.html,不限,全职,10k-20k,数据分析师,本科
,,,,,,,,,
北京,移动互联网,北京达佳互联信息技术有限公司,500-2000人,https://www.lagou.com/jobs/5020589.html,3-5年,全职,20k-40k,数据分析师,本科
,,,,,,,,,
北京,数据服务,普强信息技术（北京）有限公司,150-500人,https://www.lagou.com/jobs/4160614.html,应届毕业生,全职,6k-9k,数据分析,本科
,,,,,,,,,
上海,金融,上海前隆信息科技有限公司,500-2000人,https://www.lagou.com/jobs/3650471.html,1-3年,全职,15k-25k,数据分析师,本科
,,,,,,,,,
杭州,移动互联网,连连银通电子支付有限公司,500-2000人,https://www.lagou.com/jobs/4974623.html,3-5年,全职,15k-25k,数据分析师 (MJ000108),大专
,,,,,,,,,
北京,"移动互联网,社交网络",北京友缘在线网络科技股份有限公司,150-500人,https://www.lagou.com/jobs/4687927.html,3-5年,全职,15k-25k,数据分析师,本科
,,,,,,,,,
广州,生活服务,蓝月亮（中国）有限公司,2000人以上,https://www.lagou.com/jobs/4235789.html,1-3年,全职,6k-9k,数据分析师,本科
,,,,,,,,,
上海,"移动互联网,金融",广东省电信规划设计院有限公司,2000人以上,https://www.lagou.com/jobs/4495794.html,1-3年,全职,8k-12k,数据分析岗,本科
,,,,,,,,,
上海,移动互联网,上海基分文化传播有限公司,500-2000人,https://www.lagou.com/jobs/4892050.html,5-10年,全职,25k-50k,资深数据分析-趣头条数据中心,本科
,,,,,,,,,
杭州,移动互联网,杭州铜板街互联网金融信息服务有限公司,150-500人,https://www.lagou.com/jobs/4754517.html,3-5年,全职,15k-25k,业务数据分析,本科
,,,,,,,,,
上海,"移动互联网,医疗健康",平安健康互联网股份有限公司上海分公司,2000人以上,https://www.lagou.com/jobs/2980662.html,3-5年,全职,15k-30k,数据分析岗,本科
,,,,,,,,,
北京,"移动互联网,教育",北京作业盒子科技有限公司,500-2000人,https://www.lagou.com/jobs/4677852.html,1-3年,全职,15k-30k,数据分析 (MJ000537),不限
,,,,,,,,,
北京,"移动互联网,数据服务",北京字节跳动科技有限公司,2000人以上,https://www.lagou.com/jobs/4825558.html,3-5年,全职,20k-35k,高级CRM产品经理-数据分析方向,本科
,,,,,,,,,
北京,"移动互联网,硬件",特斯联（北京）科技有限公司,150-500人,https://www.lagou.com/jobs/4245103.html,1-3年,全职,12k-18k,数据分析师,本科
,,,,,,,,,
苏州,移动互联网,智慧芽信息科技（苏州）有限公司,150-500人,https://www.lagou.com/jobs/4948121.html,1-3年,全职,12k-18k,数据分析师,本科
,,,,,,,,,
北京,"移动互联网,O2O",北京三快在线科技有限公司,2000人以上,https://www.lagou.com/jobs/4951742.html,3-5年,全职,15k-25k,数据分析,本科
,,,,,,,,,
上海,移动互联网,上海微问家信息技术有限公司,150-500人,https://www.lagou.com/jobs/4975212.html,3-5年,全职,10k-20k,数据分析师,本科
,,,,,,,,,
上海,"移动互联网,金融",上海金大师互联网金融信息服务有限公司,500-2000人,https://www.lagou.com/jobs/5082774.html,1-3年,全职,15k-20k,数据分析师,本科
,,,,,,,,,
杭州,移动互联网,浙江每日互动网络科技股份有限公司,150-500人,https://www.lagou.com/jobs/4017275.html,1-3年,全职,10k-15k,数据分析,本科
,,,,,,,,,
北京,"移动互联网,教育",北京世纪好未来教育科技有限公司,2000人以上,https://www.lagou.com/jobs/5111686.html,1-3年,全职,15k-20k,业务数据分析,本科
,,,,,,,,,
上海,金融,银川仁辉信息科技有限公司,50-150人,https://www.lagou.com/jobs/4524170.html,3-5年,全职,12k-20k,数据分析师,本科
,,,,,,,,,
北京,"电子商务,数据服务",北京京东世纪贸易有限公司,2000人以上,https://www.lagou.com/jobs/5063041.html,3-5年,全职,15k-30k,数据分析师,本科
,,,,,,,,,
北京,移动互联网,掌阅科技股份有限公司,500-2000人,https://www.lagou.com/jobs/2900478.html,应届毕业生,实习,4k-5k,数据分析师,本科
,,,,,,,,,
杭州,"金融,电子商务",杭州玎刂悄芗际跤邢薰司,150-500人,https://www.lagou.com/jobs/5045618.html,3-5年,全职,8k-15k,数据分析师,本科
,,,,,,,,,
杭州,"移动互联网,金融",浙江霖梓控股有限公司,150-500人,https://www.lagou.com/jobs/4746664.html,3-5年,全职,10k-20k,数据分析师,本科
,,,,,,,,,
武汉,移动互联网,北京趣拿软件科技有限公司,2000人以上,https://www.lagou.com/jobs/4822666.html,1-3年,全职,4k-6k,数据分析师,大专
,,,,,,,,,
北京,数据服务,神策网络科技（北京）有限公司,150-500人,https://www.lagou.com/jobs/4756488.html,3-5年,全职,15k-25k,数据分析师-北京,本科
,,,,,,,,,
南京,"移动互联网,数据服务",北京字节跳动科技有限公司,2000人以上,https://www.lagou.com/jobs/5123320.html,不限,实习,2k-3k,销售支持实习生-数据分析,本科
,,,,,,,,,
北京,移动互联网,掌阅科技股份有限公司,500-2000人,https://www.lagou.com/jobs/3761779.html,3-5年,全职,12k-20k,数据分析师,本科
,,,,,,,,,
杭州,移动互联网,浙江每日互动网络科技股份有限公司,150-500人,https://www.lagou.com/jobs/2754502.html,1-3年,全职,10k-16k,数据分析,本科
,,,,,,,,,
北京,"移动互联网,O2O",北京互连众信科技有限公司,150-500人,https://www.lagou.com/jobs/4956934.html,1-3年,全职,8k-15k,数据分析师,本科
,,,,,,,,,
长沙,"O2O,生活服务",北京五八到家信息技术有限公司,50-150人,https://www.lagou.com/jobs/3972272.html,1-3年,全职,6k-8k,策略运营/数据分析,大专
,,,,,,,,,
上海,"移动互联网,文化娱乐",上海幻电信息科技有限公司,2000人以上,https://www.lagou.com/jobs/4799136.html,3-5年,全职,10k-20k,数据分析师,大专
,,,,,,,,,
上海,"移动互联网,社交网络",上海猫空信息技术有限公司,15-50人,https://www.lagou.com/jobs/883080.html,1-3年,全职,10k-20k,数据分析,本科
,,,,,,,,,
杭州,"移动互联网,金融",杭州信牛网络科技有限公司,150-500人,https://www.lagou.com/jobs/3742366.html,3-5年,全职,10k-20k,数据分析,本科
,,,,,,,,,
北京,"移动互联网,O2O",北京小度信息科技有限公司,2000人以上,https://www.lagou.com/jobs/4165118.html,3-5年,全职,10k-20k,数据分析师,本科
,,,,,,,,,
北京,"移动互联网,文化娱乐",北京车之家信息技术有限公司,2000人以上,https://www.lagou.com/jobs/4632100.html,3-5年,全职,15k-25k,数据分析师,本科
,,,,,,,,,
北京,移动互联网,上海基分文化传播有限公司,500-2000人,https://www.lagou.com/jobs/4904208.html,1-3年,全职,20k-40k,高级数据分析,大专
,,,,,,,,,
武汉,"数据服务,企业服务",武汉麦达电子有限公司,50-150人,https://www.lagou.com/jobs/4576717.html,3-5年,全职,4k-8k,数据分析师,本科
,,,,,,,,,
上海,"移动互联网,金融",杭州财米科技有限公司,500-2000人,https://www.lagou.com/jobs/3792595.html,3-5年,全职,20k-35k,高级数据分析师-上海-01114,本科
,,,,,,,,,
苏州,移动互联网,苏州瑞翼信息技术有限公司,150-500人,https://www.lagou.com/jobs/4866895.html,1-3年,全职,10k-20k,数据分析师,本科
,,,,,,,,,
杭州,"移动互联网,数据服务",杭州钱塘大数据交易中心有限公司,50-150人,https://www.lagou.com/jobs/5126567.html,3-5年,全职,10k-20k,数据分析师,大专
,,,,,,,,,
深圳,"移动互联网,数据服务",北京字节跳动科技有限公司,2000人以上,https://www.lagou.com/jobs/5119814.html,3-5年,全职,15k-30k,数据分析师-faceu,本科
,,,,,,,,,
上海,"移动互联网,金融",杭州财米科技有限公司,500-2000人,https://www.lagou.com/jobs/3893904.html,3-5年,全职,15k-25k,高级数据分析师-上海-00064,本科
,,,,,,,,,
上海,"数据服务,广告营销",上海画龙信息科技有限公司,50-150人,https://www.lagou.com/jobs/5020913.html,3-5年,全职,10k-20k,数据分析师,本科
,,,,,,,,,
北京,"移动互联网,教育",北京清帆科技有限公司,15-50人,https://www.lagou.com/jobs/4734246.html,1-3年,全职,10k-20k,数据分析师,硕士
,,,,,,,,,
上海,"移动互联网,文化娱乐",上海幻电信息科技有限公司,2000人以上,https://www.lagou.com/jobs/3809441.html,1-3年,全职,15k-25k,数据分析,本科
,,,,,,,,,
北京,"移动互联网,医疗健康",北京欧应信息技术有限公司,150-500人,https://www.lagou.com/jobs/4435813.html,3-5年,全职,15k-20k,数据分析师-运营分析方向,本科
,,,,,,,,,
北京,"电子商务,数据服务",北京京东世纪贸易有限公司,2000人以上,https://www.lagou.com/jobs/4998655.html,3-5年,全职,25k-40k,数据分析师,本科
,,,,,,,,,
北京,"移动互联网,文化娱乐",快看世界（北京）科技有限公司,150-500人,https://www.lagou.com/jobs/4288262.html,1-3年,全职,15k-30k,数据分析,本科
,,,,,,,,,
苏州,移动互联网,上海众言网络科技有限公司,150-500人,https://www.lagou.com/jobs/4409033.html,1-3年,全职,4k-6k,数据分析员,本科
,,,,,,,,,
上海,"移动互联网,金融",悠融资产管理（上海）有限公司,500-2000人,https://www.lagou.com/jobs/5067332.html,1-3年,全职,15k-30k,数据分析师,本科
,,,,,,,,,
北京,"移动互联网,金融",北京盈泰财富云电子商务有限公司,500-2000人,https://www.lagou.com/jobs/4338035.html,不限,全职,5k-7k,数据分析,大专
,,,,,,,,,
杭州,"信息安全,数据服务",北京网思科平科技有限公司,50-150人,https://www.lagou.com/jobs/4890544.html,1-3年,全职,14k-20k,数据分析师,不限
,,,,,,,,,
广州,游戏,广州博冠信息科技有限公司,2000人以上,https://www.lagou.com/jobs/5052433.html,不限,全职,15k-30k,数据分析师,本科
,,,,,,,,,
北京,"移动互联网,游戏",奇虎360科技有限公司,2000人以上,https://www.lagou.com/jobs/4102716.html,3-5年,全职,20k-30k,数据分析师,本科
,,,,,,,,,
北京,移动互联网,北京高因科技有限公司,500-2000人,https://www.lagou.com/jobs/5101220.html,不限,全职,7k-10k,数据分析师,本科
,,,,,,,,,
北京,"移动互联网,数据服务",北京字节跳动科技有限公司,2000人以上,https://www.lagou.com/jobs/5099066.html,1-3年,全职,10k-20k,数据分析师-国际化,本科
,,,,,,,,,
上海,"移动互联网,金融",杭州财米科技有限公司,500-2000人,https://www.lagou.com/jobs/591162.html,1-3年,全职,12k-24k,高级数据分析师,本科
,,,,,,,,,
苏州,移动互联网,上海众言网络科技有限公司,150-500人,https://www.lagou.com/jobs/4778984.html,1-3年,全职,4k-8k,数据分析师,本科
,,,,,,,,,
深圳,移动互联网,深圳云天励飞技术有限公司,500-2000人,https://www.lagou.com/jobs/3842793.html,3-5年,全职,15k-30k,大数据数据开发工程师/大数据数据分析师,本科
,,,,,,,,,
北京,广告营销,北京微播易科技股份有限公司,150-500人,https://www.lagou.com/jobs/4545004.html,3-5年,全职,10k-20k,数据分析,大专
,,,,,,,,,
北京,移动互联网,北京嘀嘀无限科技发展有限公司,2000人以上,https://www.lagou.com/jobs/3868956.html,3-5年,全职,20k-40k,数据分析师(J171124002),本科
,,,,,,,,,
郑州,移动互联网,中移在线服务有限公司,2000人以上,https://www.lagou.com/jobs/3724429.html,3-5年,全职,15k-20k,数据分析,本科
,,,,,,,,,
上海,金融,鼎必程（上海）信息技术有限公司,50-150人,https://www.lagou.com/jobs/3358144.html,1-3年,全职,10k-20k,数据分析,本科
,,,,,,,,,
北京,"电子商务,数据服务",北京京东世纪贸易有限公司,2000人以上,https://www.lagou.com/jobs/5077958.html,3-5年,全职,20k-40k,数据分析师,本科
,,,,,,,,,
广州,"移动互联网,企业服务",广东智源信息技术有限公司,50-150人,https://www.lagou.com/jobs/3010209.html,1-3年,全职,5k-8k,数据分析师,本科
,,,,,,,,,
杭州,移动互联网,绿漫科技有限公司,50-150人,https://www.lagou.com/jobs/4414826.html,3-5年,全职,14k-24k,数据分析师,本科
,,,,,,,,,
北京,O2O,车好多旧机动车经纪(北京)有限公司,2000人以上,https://www.lagou.com/jobs/3685973.html,3-5年,全职,15k-30k,数据分析师-数据平台,本科
,,,,,,,,,
深圳,移动互联网,深圳市大辰科技有限公司,50-150人,https://www.lagou.com/jobs/5109473.html,3-5年,全职,12k-24k,数据分析师,本科
,,,,,,,,,
北京,"移动互联网,O2O",北京三快在线科技有限公司,2000人以上,https://www.lagou.com/jobs/3844153.html,不限,全职,20k-40k,数据分析师,不限
,,,,,,,,,
北京,"移动互联网,教育",北京世纪好未来教育科技有限公司,2000人以上,https://www.lagou.com/jobs/4368900.html,5-10年,全职,20k-40k,大数据部-高级数据分析师,本科
,,,,,,,,,
北京,"移动互联网,数据服务",北京字节跳动科技有限公司,2000人以上,https://www.lagou.com/jobs/4553485.html,不限,实习,3k-4k,数据分析实习生,本科
,,,,,,,,,
上海,移动互联网,浙江每日互动网络科技股份有限公司,150-500人,https://www.lagou.com/jobs/2510659.html,3-5年,全职,20k-25k,数据分析师,本科
,,,,,,,,,
北京,"移动互联网,O2O",北京东方车云信息技术有限公司,500-2000人,https://www.lagou.com/jobs/5128190.html,3-5年,全职,20k-30k,数据分析经理,本科
,,,,,,,,,
南京,移动互联网,广东亿迅科技有限公司,2000人以上,https://www.lagou.com/jobs/4949374.html,1-3年,全职,6k-10k,数据分析工程师,本科
,,,,,,,,,
北京,"移动互联网,文化娱乐",北京车之家信息技术有限公司,2000人以上,https://www.lagou.com/jobs/4343462.html,3-5年,全职,20k-35k,数据分析师,本科
,,,,,,,,,
上海,移动互联网,彪洋科技（北京）有限公司,150-500人,https://www.lagou.com/jobs/4646123.html,1-3年,全职,8k-15k,数据分析师-SH,本科
,,,,,,,,,
深圳,移动互联网、O2O,深圳链家房地产经纪有限公司,2000人以上,https://www.lagou.com/jobs/5059457.html,不限,全职,6k-8k,数据分析师,本科
,,,,,,,,,
上海,"移动互联网,O2O",北京满运物流信息有限公司,500-2000人,https://www.lagou.com/jobs/4799967.html,1-3年,全职,20k-40k,数据分析师,本科
,,,,,,,,,
上海,"移动互联网,金融",上海新旦营销管理股份有限公司,50-150人,https://www.lagou.com/jobs/2771989.html,3-5年,全职,15k-25k,数据分析师,本科
,,,,,,,,,
北京,"医疗健康,数据服务",生命奇点（北京）科技有限公司,50-150人,https://www.lagou.com/jobs/4115629.html,不限,全职,16k-32k,数据分析师/数据挖掘工程师,本科
,,,,,,,,,
北京,"移动互联网,金融",北京轻松筹网络科技有限公司,500-2000人,https://www.lagou.com/jobs/4280690.html,3-5年,全职,10k-20k,数据分析师,本科
,,,,,,,,,
北京,教育,北京嗨学卓奥教育科技有限公司,500-2000人,https://www.lagou.com/jobs/5058274.html,1-3年,全职,8k-12k,数据分析师,本科
,,,,,,,,,
广州,"移动互联网,企业服务",广东智源信息技术有限公司,50-150人,https://www.lagou.com/jobs/3010230.html,1-3年,全职,8k-15k,数据分析师,硕士
,,,,,,,,,
南京,"O2O,移动互联网",南京苏宁软件技术有限公司,2000人以上,https://www.lagou.com/jobs/4838723.html,3-5年,全职,10K-20K,数据分析师,本科
,,,,,,,,,
宁波,"电子商务,移动互联网",宁波萌牙电子商务有限公司,15-50人,https://www.lagou.com/jobs/4168213.html,不限,全职,9k-12k,数据分析师,本科
,,,,,,,,,
北京,"移动互联网,数据服务",北京字节跳动科技有限公司,2000人以上,https://www.lagou.com/jobs/4948922.html,不限,实习,2k-4k,数据分析实习生,本科
,,,,,,,,,
广州,移动互联网,广州华多网络科技有限公司,2000人以上,https://www.lagou.com/jobs/5097843.html,3-5年,全职,15k-30k,数据分析师,本科
,,,,,,,,,
杭州,"电子商务,移动互联网",杭州嘉云数据科技有限公司,150-500人,https://www.lagou.com/jobs/5028573.html,应届毕业生,全职,8k-15k,数据分析师,硕士
,,,,,,,,,
郑州,"移动互联网,O2O",郑州时空隧道信息技术有限公司,150-500人,https://www.lagou.com/jobs/4265646.html,3-5年,全职,8k-15k,数据分析师,大专
,,,,,,,,,
北京,教育,北京中公教育科技股份有限公司,2000人以上,https://www.lagou.com/jobs/4835356.html,1年以下,全职,5k-9k,数据分析,本科
,,,,,,,,,
泉州,"移动互联网,数据服务",福建省中天地征信有限公司,50-150人,https://www.lagou.com/jobs/4569927.html,3-5年,全职,8K-15K,数据分析,本科
,,,,,,,,,
北京,"数据服务,移动互联网",北京热云科技有限公司,50-150人,https://www.lagou.com/jobs/4350588.html,1-3年,全职,15k-30k,数据分析师（急招）,本科
,,,,,,,,,
北京,企业服务、生活服务,北京链家房地产经纪有限公司,2000人以上,https://www.lagou.com/jobs/5016211.html,1-3年,全职,10k-15k,数据分析师,本科
,,,,,,,,,
北京,"移动互联网,金融",欧科互动网络科技（北京）有限公司,500-2000人,https://www.lagou.com/jobs/4614934.html,3-5年,全职,10k-20k,数据分析师,本科
,,,,,,,,,
北京,金融,普信恒业科技发展（北京）有限公司,2000人以上,https://www.lagou.com/jobs/4941386.html,3-5年,全职,15k-25k,数据分析师,本科
,,,,,,,,,
上海,移动互联网,上海喔噻互联网科技有限公司,500-2000人,https://www.lagou.com/jobs/4318071.html,1-3年,全职,8k-12k,数据分析,本科
,,,,,,,,,
北京,游戏,时空幻境（北京）科技有限公司,150-500人,https://www.lagou.com/jobs/5081948.html,1-3年,全职,8k-15k,数据分析,本科
,,,,,,,,,
北京,"电子商务,数据服务",北京京东世纪贸易有限公司,2000人以上,https://www.lagou.com/jobs/5030536.html,3-5年,全职,15k-20k,数据分析岗,本科
,,,,,,,,,
北京,"移动互联网,游戏",北京创智优品科技有限公司,150-500人,https://www.lagou.com/jobs/4038296.html,3-5年,全职,15k-30k,数据分析,本科
,,,,,,,,,
珠海,游戏,珠海达人网络科技有限公司,50-150人,https://www.lagou.com/jobs/4949685.html,3-5年,全职,15k-28k,数据分析师,不限
,,,,,,,,,
南京,"移动互联网,数据服务",北京字节跳动科技有限公司,2000人以上,https://www.lagou.com/jobs/4317690.html,3-5年,全职,8k-12k,数据分析员主管,本科
,,,,,,,,,
北京,"移动互联网,金融",欧科互动网络科技（北京）有限公司,500-2000人,https://www.lagou.com/jobs/5102463.html,3-5年,全职,15k-30k,数据分析师,本科
,,,,,,,,,
上海,"移动互联网,教育",威比网络科技（上海）有限公司,2000人以上,https://www.lagou.com/jobs/4916008.html,1-3年,全职,6k-10k,数据分析师,大专
,,,,,,,,,
北京,移动互联网,北京爱声声科技有限公司,50-150人,https://www.lagou.com/jobs/4056939.html,3-5年,全职,15k-20k,数据分析师,硕士
,,,,,,,,,
上海,"移动互联网,金融",上海海万信息科技股份有限公司,500-2000人,https://www.lagou.com/jobs/4675949.html,3-5年,全职,13k-14k,数据分析师,本科
,,,,,,,,,
杭州,"移动互联网,金融",浙江霖梓控股有限公司,150-500人,https://www.lagou.com/jobs/4860377.html,3-5年,全职,8k-15k,数据分析师,本科
,,,,,,,,,
北京,移动互联网,广东一一五科技股份有限公司,150-500人,https://www.lagou.com/jobs/5055878.html,1-3年,全职,5k-10k,数据分析,本科
,,,,,,,,,
北京,企业服务、生活服务,北京链家房地产经纪有限公司,2000人以上,https://www.lagou.com/jobs/5016054.html,1-3年,全职,8k-15k,数据分析师,本科
,,,,,,,,,
上海,金融,普华永道中天会计师事务所（特殊普通合伙）北京分所,2000人以上,https://www.lagou.com/jobs/5040087.html,1-3年,全职,14k-18k,数据分析师,本科
,,,,,,,,,
杭州,移动互联网,浙江网竞网络科技有限公司,150-500人,https://www.lagou.com/jobs/4948249.html,1年以下,全职,8k-10k,数据分析师,本科
,,,,,,,,,
上海,"移动互联网,金融",广东省电信规划设计院有限公司,2000人以上,https://www.lagou.com/jobs/4457724.html,1-3年,全职,6k-12k,数据分析,本科
,,,,,,,,,
北京,"移动互联网,金融",北京火币天下网络技术有限公司,150-500人,https://www.lagou.com/jobs/5078730.html,1-3年,全职,10k-20k,数据分析师,本科
,,,,,,,,,
深圳,移动互联网,OPPO广东移动通信有限公司,2000人以上,https://www.lagou.com/jobs/3868319.html,3-5年,全职,20k-40k,高级数据分析师,本科
,,,,,,,,,
杭州,"移动互联网,O2O",杭州大搜车汽车服务有限公司,2000人以上,https://www.lagou.com/jobs/4792322.html,3-5年,全职,15k-20k,高级数据分析师 08-02-28,本科
,,,,,,,,,
北京,"移动互联网,O2O",途家网网络技术（北京）有限公司,500-2000人,https://www.lagou.com/jobs/4137453.html,3-5年,全职,15k-25k,数据分析,本科
,,,,,,,,,
南京,"移动互联网,数据服务",北京字节跳动科技有限公司,2000人以上,https://www.lagou.com/jobs/4317690.html,3-5年,全职,8k-12k,数据分析员主管,本科
,,,,,,,,,
泉州,生活服务,厦门贝壳闹海房地产经纪有限公司,2000人以上,https://www.lagou.com/jobs/5133933.html,1-3年,全职,5k-7k,数据分析,大专
,,,,,,,,,
北京,移动互联网,北京趣拿软件科技有限公司,2000人以上,https://www.lagou.com/jobs/4823990.html,3-5年,全职,15k-25k,数据分析师/高级数据分析师,本科
,,,,,,,,,
上海,"移动互联网,金融",晋松（上海）网络信息技术有限公司,50-150人,https://www.lagou.com/jobs/4886603.html,3-5年,全职,15k-23k,数据分析师,本科
,,,,,,,,,
上海,金融,上海点融信息科技有限责任公司,150-500人,https://www.lagou.com/jobs/3461300.html,1年以下,全职,15k-30k,数据分析师-SH2927,本科
,,,,,,,,,
北京,金融,国美金控投资有限公司,2000人以上,https://www.lagou.com/jobs/4903895.html,3-5年,全职,15k-25k,数据分析师,本科
,,,,,,,,,
北京,金融,北京弘合柏基金融信息服务有限责任公司,2000人以上,https://www.lagou.com/jobs/4333103.html,3-5年,全职,18k-35k,大数据研发工程师-大数据分析师,本科
,,,,,,,,,
武汉,"移动互联网,数据服务",武汉哥本巷科技有限公司,15-50人,https://www.lagou.com/jobs/4984558.html,3-5年,全职,12k-20k,数据分析师,硕士
,,,,,,,,,
北京,"移动互联网,游戏",完美世界（北京）软件科技发展有限公司,2000人以上,https://www.lagou.com/jobs/4135130.html,不限,全职,6k-8k,数据分析(3513),不限
,,,,,,,,,
上海,"O2O ,生活服务",上海齐家网信息科技股份有限公司,2000人以上,https://www.lagou.com/jobs/1400255.html,3-5年,全职,15k-30k,数据分析师,本科
,,,,,,,,,
北京,"移动互联网,企业服务",维我软件（上海）有限公司北京分公司,500-2000人,https://www.lagou.com/jobs/5064266.html,不限,实习,5k-7k,数据分析,本科
,,,,,,,,,
北京,"移动互联网,O2O",北京斗米优聘科技发展有限公司,500-2000人,https://www.lagou.com/jobs/4613724.html,1-3年,全职,10k-20k,数据分析师,本科
,,,,,,,,,
上海,金融,即科金融信息服务（上海）有限公司,150-500人,https://www.lagou.com/jobs/3968931.html,1-3年,全职,10k-15k,数据分析师,本科
,,,,,,,,,
北京,"移动互联网,数据服务",北京搜狗科技发展有限公司,2000人以上,https://www.lagou.com/jobs/4519084.html,3-5年,全职,15k-25k,商业营销-数据分析-北京-03923,本科
,,,,,,,,,
上海,"数据服务,广告营销",上海画龙信息科技有限公司,50-150人,https://www.lagou.com/jobs/4113089.html,1-3年,全职,8k-16k,数据分析师,硕士
,,,,,,,,,
北京,"移动互联网,数据服务",北京字节跳动科技有限公司,2000人以上,https://www.lagou.com/jobs/5121320.html,不限,全职,20k-40k,资深数据分析专家,本科
,,,,,,,,,
北京,"移动互联网,数据服务",北京搜狗科技发展有限公司,2000人以上,https://www.lagou.com/jobs/4996337.html,3-5年,全职,15k-30k,品牌客户销售部-数据分析师,本科
,,,,,,,,,
北京,"移动互联网,O2O",北京东方车云信息技术有限公司,500-2000人,https://www.lagou.com/jobs/5127929.html,3-5年,全职,12k-20k,数据分析师-TY,本科
,,,,,,,,,
深圳,金融,云智惠（北京）投资管理有限公司,500-2000人,https://www.lagou.com/jobs/5027288.html,3-5年,全职,10k-20k,数据分析师,本科
,,,,,,,,,
北京,"移动互联网,O2O",北京三快在线科技有限公司,2000人以上,https://www.lagou.com/jobs/4003538.html,不限,全职,20k-40k,数据分析-创新方向,不限
,,,,,,,,,
北京,数据服务,精硕科技（北京）股份有限公司,500-2000人,https://www.lagou.com/jobs/4974386.html,不限,全职,6k-8k,数据分析师,本科
,,,,,,,,,
北京,移动互联网,中移在线服务有限公司,2000人以上,https://www.lagou.com/jobs/3791172.html,3-5年,全职,10k-20k,数据分析师,本科
,,,,,,,,,
北京,"移动互联网,金融",北京盈泰财富云电子商务有限公司,500-2000人,https://www.lagou.com/jobs/4338073.html,不限,全职,5k-7k,数据分析,大专
,,,,,,,,,
杭州,数据服务,杭州橙鹰数据技术有限公司,150-500人,https://www.lagou.com/jobs/5076957.html,3-5年,全职,20k-40k,数据分析专家,不限
,,,,,,,,,
深圳,数据服务,神策网络科技（北京）有限公司,150-500人,https://www.lagou.com/jobs/4757404.html,3-5年,全职,15k-25k,数据分析师-深圳,本科
,,,,,,,,,
北京,O2O,车好多旧机动车经纪(北京)有限公司,2000人以上,https://www.lagou.com/jobs/5068318.html,5-10年,全职,25k-40k,数据分析专家,本科
,,,,,,,,,
北京,"移动互联网,硬件",北京比特大陆科技有限公司,150-500人,https://www.lagou.com/jobs/4789265.html,3-5年,全职,15k-20k,数据分析主管,本科
,,,,,,,,,
上海,移动互联网,浙江每日互动网络科技股份有限公司,150-500人,https://www.lagou.com/jobs/2551555.html,1-3年,全职,15k-25k,数据分析师,本科
,,,,,,,,,
上海,"电子商务,移动互联网",上海寻梦信息技术有限公司,2000人以上,https://www.lagou.com/jobs/4141349.html,5-10年,全职,20k-35k,数据分析,本科
,,,,,,,,,
广州,移动互联网,广州华多网络科技有限公司,2000人以上,https://www.lagou.com/jobs/5099802.html,3-5年,全职,15k-30k,数据分析师,本科
,,,,,,,,,
天津,"移动互联网,数据服务",北京字节跳动科技有限公司,2000人以上,https://www.lagou.com/jobs/5120930.html,1-3年,全职,4k-6k,数据分析专员,本科
,,,,,,,,,
北京,"移动互联网,O2O",途家网网络技术（北京）有限公司,500-2000人,https://www.lagou.com/jobs/4137453.html,3-5年,全职,15k-25k,数据分析,本科
,,,,,,,,,
北京,金融,随行付支付有限公司,500-2000人,https://www.lagou.com/jobs/4042512.html,3-5年,全职,20k-30k,数据分析师,本科
,,,,,,,,,
北京,"移动互联网 ,企业服务",瞬联软件科技（北京）有限公司,500-2000人,https://www.lagou.com/jobs/5066978.html,不限,全职,10k-19k,数据分析师,本科
,,,,,,,,,
北京,"移动互联网,金融",北京闪银奇异科技有限公司,500-2000人,https://www.lagou.com/jobs/4727619.html,1-3年,全职,15k-20k,数据分析,本科
,,,,,,,,,
上海,社交网络,深圳市泉眼网络科技有限公司,500-2000人,https://www.lagou.com/jobs/5138319.html,3-5年,全职,15k-25k,数据分析经理,本科
,,,,,,,,,
北京,"移动互联网,O2O",北京怡合春天科技有限公司,50-150人,https://www.lagou.com/jobs/4729836.html,3-5年,全职,15k-20k,数据分析师 (To G),本科
,,,,,,,,,
深圳,移动互联网、O2O,深圳链家房地产经纪有限公司,2000人以上,https://www.lagou.com/jobs/4827585.html,1-3年,全职,5k-8k,数据分析师,本科
,,,,,,,,,
北京,"移动互联网,教育",上海谦问万答吧云计算科技有限公司,2000人以上,https://www.lagou.com/jobs/5073893.html,5-10年,全职,30k-55k,高阶数据分析师,本科
,,,,,,,,,
北京,"移动互联网,金融",北京瓴岳信息技术有限公司,150-500人,https://www.lagou.com/jobs/4999438.html,1-3年,全职,15k-30k,数据分析师,本科
,,,,,,,,,
长沙,"O2O,生活服务",北京五八到家信息技术有限公司,50-150人,https://www.lagou.com/jobs/4015171.html,3-5年,全职,6k-10k,市场调研/策略运营/数据分析,大专
,,,,,,,,,
深圳,"电子商务,金融",深圳市紫川软件有限公司,500-2000人,https://www.lagou.com/jobs/4059267.html,3-5年,全职,9k-14k,数据分析师,本科
,,,,,,,,,
上海,移动互联网,上海基分文化传播有限公司,500-2000人,https://www.lagou.com/jobs/4892117.html,3-5年,全职,20k-40k,高级数据分析,本科
,,,,,,,,,
深圳,"移动互联网,金融",深圳市随手科技有限公司,500-2000人,https://www.lagou.com/jobs/4826663.html,5-10年,全职,20k-30k,高级数据分析师,本科
,,,,,,,,,
杭州,"移动互联网,企业服务",上海天壤智能科技有限公司,50-150人,https://www.lagou.com/jobs/4873859.html,3-5年,全职,15k-30k,数据分析师,本科
,,,,,,,,,
北京,"移动互联网,数据服务",北京字节跳动科技有限公司,2000人以上,https://www.lagou.com/jobs/5120207.html,不限,全职,15k-30k,资深数据分析师,本科
,,,,,,,,,
北京,移动互联网,上海基分文化传播有限公司,500-2000人,https://www.lagou.com/jobs/4316684.html,3-5年,全职,20k-40k,高级数据分析师,不限
,,,,,,,,,
北京,"移动互联网,O2O",途家网网络技术（北京）有限公司,500-2000人,https://www.lagou.com/jobs/4940487.html,3-5年,全职,20k-40k,数据分析师,本科
,,,,,,,,,
北京,电子商务,北京京东世纪贸易有限公司,2000人以上,https://www.lagou.com/jobs/5083773.html,3-5年,全职,13k-25k,数据分析师,本科
,,,,,,,,,
北京,"移动互联网,教育",北京作业盒子科技有限公司,500-2000人,https://www.lagou.com/jobs/4004100.html,5-10年,全职,25k-50k,数据分析经理,本科
,,,,,,,,,
深圳,金融,深圳市佰仟金融服务有限公司,2000人以上,https://www.lagou.com/jobs/4822271.html,3-5年,全职,12k-18k,数据分析师,本科
,,,,,,,,,
深圳,"移动互联网,教育",风变科技（深圳）有限公司,50-150人,https://www.lagou.com/jobs/4842115.html,1-3年,全职,10k-15k,数据分析师,硕士
,,,,,,,,,
北京,"移动互联网,社交网络",南京蓝鲸人网络科技有限公司,50-150人,https://www.lagou.com/jobs/3507411.html,5-10年,全职,20k-40k,数据分析师,本科
,,,,,,,,,
北京,"移动互联网,O2O",北京小度信息科技有限公司,2000人以上,https://www.lagou.com/jobs/3737707.html,3-5年,全职,10k-20k,数据分析,本科
,,,,,,,,,
广州,移动互联网,广州华多网络科技有限公司,2000人以上,https://www.lagou.com/jobs/4734598.html,3-5年,全职,15k-25k,数据分析师 (MJ001014),本科
,,,,,,,,,
南京,移动互联网,孩子王儿童用品股份有限公司,2000人以上,https://www.lagou.com/jobs/4359325.html,3-5年,全职,12k-24k,数据分析经理,大专
,,,,,,,,,
北京,"电子商务,数据服务",北京京东世纪贸易有限公司,2000人以上,https://www.lagou.com/jobs/3798368.html,1-3年,全职,7k-10k,数据分析,本科
,,,,,,,,,
北京,"移动互联网,O2O",北京三快在线科技有限公司,2000人以上,https://www.lagou.com/jobs/3450318.html,3-5年,全职,10k-20k,数据分析师,本科
,,,,,,,,,
漳州,生活服务,厦门贝壳闹海房地产经纪有限公司,2000人以上,https://www.lagou.com/jobs/5132821.html,1-3年,全职,5k-7k,数据分析,本科
,,,,,,,,,
北京,移动互联网、金融,会找房（北京）网络技术有限公司,150-500人,https://www.lagou.com/jobs/4936805.html,3-5年,全职,20k-30k,数据分析(J10070),本科
,,,,,,,,,
北京,"移动互联网,数据服务",北京字节跳动科技有限公司,2000人以上,https://www.lagou.com/jobs/3516055.html,1-3年,全职,20k-40k,商业化数据分析师,本科
,,,,,,,,,
北京,"移动互联网,教育",北京作业盒子科技有限公司,500-2000人,https://www.lagou.com/jobs/4719079.html,3-5年,全职,20k-40k,数据分析经理 (MJ000843),本科
,,,,,,,,,
北京,"电子商务,数据服务",北京京东世纪贸易有限公司,2000人以上,https://www.lagou.com/jobs/5129886.html,不限,全职,25k-50k,数据分析师,本科
,,,,,,,,,
深圳,其他,跨越速运集团有限公司,2000人以上,https://www.lagou.com/jobs/4770649.html,1-3年,全职,10k-15k,数据分析师(南山J10183),本科
,,,,,,,,,
北京,移动互联网,北京和讯在线信息咨询服务有限公司,150-500人,https://www.lagou.com/jobs/4678418.html,5-10年,全职,30k-40k,数据分析总监(000946),不限
,,,,,,,,,
北京,金融,北京百乘金科科技有限公司,2000人以上,https://www.lagou.com/jobs/4810047.html,3-5年,全职,15k-30k,数据分析师,本科
,,,,,,,,,
深圳,移动互联网、O2O,深圳链家房地产经纪有限公司,2000人以上,https://www.lagou.com/jobs/5037124.html,1年以下,全职,6k-8k,数据分析师,本科
,,,,,,,,,
深圳,金融,深圳市中安信业创业投资有限公司,2000人以上,https://www.lagou.com/jobs/4429487.html,3-5年,全职,10k-20k,数据分析师（大数据部）,本科
,,,,,,,,,
深圳,"移动互联网,企业服务",深圳市加推科技有限公司,150-500人,https://www.lagou.com/jobs/4855596.html,3-5年,全职,10k-18k,数据分析,本科
,,,,,,,,,
杭州,"移动互联网,O2O",杭州大搜车汽车服务有限公司,2000人以上,https://www.lagou.com/jobs/2083560.html,3-5年,全职,12k-20k,高级数据分析师,本科
,,,,,,,,,
苏州,"移动互联网,文化娱乐",江苏海豚网络科技有限公司,15-50人,https://www.lagou.com/jobs/4816185.html,1-3年,全职,6k-12k,数据分析,大专
,,,,,,,,,
北京,"移动互联网,文化娱乐",北京万维之道信息技术有限公司,150-500人,https://www.lagou.com/jobs/4858411.html,3-5年,全职,15k-30k,数据分析师,本科
,,,,,,,,,
北京,"移动互联网,文化娱乐",北京车之家信息技术有限公司,2000人以上,https://www.lagou.com/jobs/4647473.html,1-3年,全职,15k-25k,数据分析师,本科
,,,,,,,,,
北京,移动互联网,北京高域海汇科技有限公司,50-150人,https://www.lagou.com/jobs/4883641.html,1-3年,全职,9k-18k,数据分析师,硕士
,,,,,,,,,
上海,"移动互联网,企业服务",上海天壤智能科技有限公司,50-150人,https://www.lagou.com/jobs/5036837.html,3-5年,全职,25k-50k,数据分析师,本科
,,,,,,,,,
深圳,"移动互联网,数据服务",北京字节跳动科技有限公司,2000人以上,https://www.lagou.com/jobs/5019110.html,不限,实习,5k-10k,数据分析实习生-创新工具,本科
,,,,,,,,,
北京,"电子商务,数据服务",北京京东世纪贸易有限公司,2000人以上,https://www.lagou.com/jobs/4775069.html,3-5年,全职,15k-30k,数据分析师,本科
,,,,,,,,,
北京,O2O,车好多旧机动车经纪(北京)有限公司,2000人以上,https://www.lagou.com/jobs/4935809.html,3-5年,全职,15k-25k,数据分析师,本科
,,,,,,,,,
北京,"移动互联网,金融",银客未来科技（北京）有限公司,500-2000人,https://www.lagou.com/jobs/4418312.html,3-5年,全职,15k-25k,数据分析师,本科
,,,,,,,,,
上海,"数据服务,金融",上海华钦信息科技股份有限公司,500-2000人,https://www.lagou.com/jobs/5010976.html,1-3年,全职,12k-16k,数据分析,硕士
,,,,,,,,,
杭州,"移动互联网,金融",浙江霖梓控股有限公司,150-500人,https://www.lagou.com/jobs/4877560.html,1-3年,全职,9k-18k,数据分析,本科
,,,,,,,,,
广州,电子商务,广州棒谷科技股份有限公司,2000人以上,https://www.lagou.com/jobs/4961657.html,3-5年,全职,10k-20k,数据分析师,本科
,,,,,,,,,
深圳,"移动互联网,企业服务",武汉然诺管理咨询有限公司,15-50人,https://www.lagou.com/jobs/4726515.html,5-10年,全职,12k-23k,数据分析师,大专
,,,,,,,,,
上海,移动互联网,中移在线服务有限公司,2000人以上,https://www.lagou.com/jobs/4030597.html,3-5年,全职,20k-40k,数据分析,本科
,,,,,,,,,
北京,"移动互联网,文化娱乐",人民网股份有限公司,2000人以上,https://www.lagou.com/jobs/4354394.html,1-3年,全职,8k-16k,地方部 数据分析师,本科
,,,,,,,,,
北京,"文化娱乐,硬件",北京四达时代软件技术股份有限公司,2000人以上,https://www.lagou.com/jobs/3246596.html,3-5年,全职,18k-25k,数据分析师,本科
,,,,,,,,,
北京,"移动互联网,O2O",北京百年爱贝科技有限公司,150-500人,https://www.lagou.com/jobs/5035977.html,5-10年,全职,25k-50k,数据分析,本科
,,,,,,,,,
上海,"移动互联网,金融",上海数禾信息科技有限公司,150-500人,https://www.lagou.com/jobs/4021708.html,1-3年,全职,8k-12k,数据分析师,硕士
,,,,,,,,,
北京,"移动互联网,O2O",北京完美创意科技有限公司,150-500人,https://www.lagou.com/jobs/3247675.html,1-3年,全职,10k-20k,数据分析师,本科
,,,,,,,,,
上海,"移动互联网,金融",上海盛付通电子支付服务有限公司,150-500人,https://www.lagou.com/jobs/5105155.html,1-3年,全职,7k-14k,数据分析岗-风控方向,本科
,,,,,,,,,
北京,"移动互联网,数据服务",北京字节跳动科技有限公司,2000人以上,https://www.lagou.com/jobs/5119039.html,不限,实习,3k-6k,数据仓库与数据分析实习生,本科
,,,,,,,,,
北京,"电子商务,数据服务",北京京东世纪贸易有限公司,2000人以上,https://www.lagou.com/jobs/5091679.html,5-10年,全职,20k-40k,数据分析岗,本科
,,,,,,,,,
深圳,移动互联网,武汉佰钧成技术有限责任公司,2000人以上,https://www.lagou.com/jobs/4867768.html,3-5年,全职,15k-25k,数据挖掘/数据分析,本科
,,,,,,,,,
北京,"企业服务,数据服务",杭州云脑科技有限公司,15-50人,https://www.lagou.com/jobs/3898857.html,3-5年,全职,15k-30k,数据分析师,本科
,,,,,,,,,
上海,"移动互联网,O2O",爱海企业管理咨询（上海）有限公司,500-2000人,https://www.lagou.com/jobs/5129616.html,1-3年,全职,8k-15k,数据分析工程师,本科
,,,,,,,,,
北京,"移动互联网,O2O",北京互连众信科技有限公司,150-500人,https://www.lagou.com/jobs/5137257.html,1年以下,全职,6k-12k,数据分析专员,本科
,,,,,,,,,
北京,"O2O,移动互联网",南京苏宁软件技术有限公司,2000人以上,https://www.lagou.com/jobs/4928201.html,3-5年,全职,14k-28k,标签数据分析师,本科
,,,,,,,,,
成都,"移动互联网,游戏",昊盈信息技术（成都）有限公司,150-500人,https://www.lagou.com/jobs/4896477.html,1-3年,全职,8k-15k,数据分析师-成都-00007,本科
,,,,,,,,,
北京,移动互联网,永杨安风（北京）科技有限公司,50-150人,https://www.lagou.com/jobs/5113044.html,1-3年,全职,3k-4k,数据分析,本科
,,,,,,,,,
石家庄,"移动互联网,企业服务",北京美印创新科技有限公司,15-50人,https://www.lagou.com/jobs/4689389.html,1-3年,全职,5k-10k,数据分析师,本科
,,,,,,,,,
上海,"移动互联网,金融",上海海万信息科技股份有限公司,500-2000人,https://www.lagou.com/jobs/3345573.html,1-3年,全职,10k-12k,数据分析,大专
,,,,,,,,,
北京,"移动互联网,O2O",北京三快在线科技有限公司,2000人以上,https://www.lagou.com/jobs/4867010.html,3-5年,全职,20k-35k,数据分析师,本科
,,,,,,,,,
北京,"数据服务,企业服务",北京超盟数据科技有限公司,50-150人,https://www.lagou.com/jobs/5070488.html,1-3年,全职,10k-20k,数据分析师,本科
,,,,,,,,,
北京,"移动互联网,O2O",途家网网络技术（北京）有限公司,500-2000人,https://www.lagou.com/jobs/4137519.html,3-5年,全职,15k-25k,数据分析师,本科
,,,,,,,,,
北京,金融,北京百乘金科科技有限公司,2000人以上,https://www.lagou.com/jobs/4380395.html,3-5年,全职,20k-40k,数据分析师,本科
,,,,,,,,,
北京,"移动互联网,数据服务",北京字节跳动科技有限公司,2000人以上,https://www.lagou.com/jobs/5132779.html,1-3年,全职,15k-30k,数据分析师（高级/资深）,本科
,,,,,,,,,
深圳,"电子商务,数据服务",北京京东世纪贸易有限公司,2000人以上,https://www.lagou.com/jobs/4631633.html,3-5年,全职,14k-24k,数据分析岗,本科
,,,,,,,,,
广州,"移动互联网,企业服务",神州数码信息服务股份有限公司,2000人以上,https://www.lagou.com/jobs/4775015.html,1-3年,全职,8k-15k,数据分析,本科
,,,,,,,,,
北京,"移动互联网,金融",北京轻松筹网络科技有限公司,500-2000人,https://www.lagou.com/jobs/3952154.html,3-5年,全职,15k-30k,数据分析工程师,本科
,,,,,,,,,
北京,"移动互联网,文化娱乐",炫一下（北京）科技有限公司,500-2000人,https://www.lagou.com/jobs/4015286.html,1-3年,全职,10k-20k,数据分析师,本科
,,,,,,,,,
上海,"移动互联网,教育",上海轻轻信息科技有限公司,2000人以上,https://www.lagou.com/jobs/4086853.html,1-3年,全职,10k-15k,数据分析师,本科
,,,,,,,,,
上海,数据服务,上海爱可生信息技术股份有限公司,150-500人,https://www.lagou.com/jobs/3470095.html,3-5年,全职,15k-30k,大数据分析师,本科
,,,,,,,,,
深圳,电子商务,深圳库尚信息技术有限公司,2000人以上,https://www.lagou.com/jobs/5134172.html,3-5年,全职,13k-20k,资深数据分析师,本科
,,,,,,,,,
上海,电子商务,珐菲琦(上海)电子商务有限公司,15-50人,https://www.lagou.com/jobs/4957881.html,3-5年,全职,15k-25k,数据分析师,本科
,,,,,,,,,
上海,"数据服务,移动互联网",算话征信有限公司,50-150人,https://www.lagou.com/jobs/4957675.html,1-3年,全职,12k-16k,数据分析师,本科
,,,,,,,,,
北京,"移动互联网,O2O",北京三快在线科技有限公司,2000人以上,https://www.lagou.com/jobs/4981558.html,3-5年,全职,25k-45k,数据分析师,本科
,,,,,,,,,
深圳,金融,深圳市中安信业创业投资有限公司,2000人以上,https://www.lagou.com/jobs/3714138.html,1-3年,全职,10k-20k,数据分析师,本科
,,,,,,,,,
北京,"移动互联网,金融",银客未来科技（北京）有限公司,500-2000人,https://www.lagou.com/jobs/3911487.html,3-5年,全职,10k-20k,数据分析师,本科
,,,,,,,,,
广州,"移动互联网,电子商务",广东灵机文化传播有限公司,150-500人,https://www.lagou.com/jobs/5096379.html,应届毕业生,实习,3k-5k,数据分析实习生,本科
,,,,,,,,,
杭州,电子商务,中通云仓科技有限公司,50-150人,https://www.lagou.com/jobs/5045274.html,3-5年,全职,15k-30k,数据分析师,本科
,,,,,,,,,
北京,"移动互联网,数据服务",北京字节跳动科技有限公司,2000人以上,https://www.lagou.com/jobs/5122799.html,3-5年,全职,20k-40k,高级数据分析师,本科
,,,,,,,,,
北京,O2O,车好多旧机动车经纪(北京)有限公司,2000人以上,https://www.lagou.com/jobs/4747422.html,1-3年,全职,10k-20k,数据分析师,本科
,,,,,,,,,
上海,"移动互联网,金融",上海海万信息科技股份有限公司,500-2000人,https://www.lagou.com/jobs/5101257.html,1-3年,全职,8k-13k,数据分析师,本科
,,,,,,,,,
北京,数据服务,北京至信普林科技有限公司,50-150人,https://www.lagou.com/jobs/4928500.html,不限,全职,10k-20k,数据分析师,本科
,,,,,,,,,
北京,金融,普信恒业科技发展（北京）有限公司,2000人以上,https://www.lagou.com/jobs/5082910.html,1-3年,全职,15k-30k,数据分析师,硕士
,,,,,,,,,
北京,移动互联网,北京好呗呗网络科技有限公司,50-150人,https://www.lagou.com/jobs/4094134.html,不限,全职,8k-12k,数据分析师,本科
,,,,,,,,,
北京,"移动互联网,O2O",北京三快在线科技有限公司,2000人以上,https://www.lagou.com/jobs/3766793.html,3-5年,全职,15k-30k,数据分析师,本科
,,,,,,,,,
上海,"数据服务,移动互联网",上海二三四五网络科技有限公司,500-2000人,https://www.lagou.com/jobs/4718961.html,1-3年,全职,10k-15k,数据分析师（互金）,本科
,,,,,,,,,
北京,"移动互联网,教育",北京翼鸥教育科技有限公司,50-150人,https://www.lagou.com/jobs/4852405.html,1-3年,全职,15k-25k,数据分析师,本科
,,,,,,,,,
苏州,移动互联网,苏州瑞翼信息技术有限公司,150-500人,https://www.lagou.com/jobs/3927514.html,3-5年,全职,10k-20k,数据分析,本科
,,,,,,,,,
武汉,移动互联网,深圳市活力天汇科技股份有限公司,500-2000人,https://www.lagou.com/jobs/4887856.html,1-3年,全职,6k-9k,数据分析,本科
,,,,,,,,,
苏州,"旅游,电子商务",同程网络科技股份有限公司,2000人以上,https://www.lagou.com/jobs/5116181.html,1-3年,全职,8k-12k,数据分析师,本科
,,,,,,,,,
北京,"移动互联网,游戏",奇虎360科技有限公司,2000人以上,https://www.lagou.com/jobs/4850274.html,3-5年,全职,15k-30k,数据分析,本科
,,,,,,,,,
广州,移动互联网,广州华多网络科技有限公司,2000人以上,https://www.lagou.com/jobs/4700870.html,3-5年,全职,15k-30k,数据分析师,本科
,,,,,,,,,
上海,移动互联网,上海暖水信息技术有限公司,50-150人,https://www.lagou.com/jobs/5138803.html,3-5年,全职,12k-20k,数据分析师,本科
,,,,,,,,,
上海,"移动互联网,数据服务",北京字节跳动科技有限公司,2000人以上,https://www.lagou.com/jobs/5119532.html,3-5年,全职,15k-30k,高级数据分析师,硕士
,,,,,,,,,
上海,"移动互联网,金融",上海海万信息科技股份有限公司,500-2000人,https://www.lagou.com/jobs/4675572.html,3-5年,全职,13k-18k,数据分析工程师,本科
,,,,,,,,,
广州,O2O,上海源慧信息科技有限公司,50-150人,https://www.lagou.com/jobs/5084058.html,3-5年,全职,10k-20k,数据分析工程师,大专
,,,,,,,,,
重庆,"移动互联网,电子商务",重庆优启科技有限公司,50-150人,https://www.lagou.com/jobs/5117522.html,1-3年,全职,4k-6k,数据分析师助理,大专
,,,,,,,,,
北京,"金融,移动互联网",北京网信金服信息科技有限公司,500-2000人,https://www.lagou.com/jobs/4940790.html,3-5年,全职,15k-25k,数据分析经理,本科
,,,,,,,,,
深圳,电子商务,深圳市启明星电子商务有限公司,150-500人,https://www.lagou.com/jobs/3886233.html,1-3年,全职,10k-15k,MSSQ010-数据分析师,本科
,,,,,,,,,
北京,移动互联网,北京趣拿软件科技有限公司,2000人以上,https://www.lagou.com/jobs/4927214.html,1-3年,全职,10k-20k,数据分析-机票事业部(J13017),本科
,,,,,,,,,
北京,"移动互联网,医疗健康",北京慢点生活科技有限公司,50-150人,https://www.lagou.com/jobs/4774830.html,不限,全职,15k-30k,数据分析/研究员,本科
,,,,,,,,,
郑州,移动互联网,中移在线服务有限公司,2000人以上,https://www.lagou.com/jobs/4063564.html,1-3年,全职,10k-20k,数据分析师,本科
,,,,,,,,,
北京,"广告营销,文化娱乐",北京奇艺世纪科技有限公司,2000人以上,https://www.lagou.com/jobs/1833215.html,3-5年,全职,20k-30k,高级数据分析师,本科
,,,,,,,,,
深圳,"移动互联网,生活服务",深圳市家家顺物联科技有限公司,50-150人,https://www.lagou.com/jobs/2733912.html,3-5年,全职,10k-20k,数据分析师,本科
,,,,,,,,,
北京,"移动互联网,金融",北京牧澜文化传播有限公司,15-50人,https://www.lagou.com/jobs/5127521.html,1-3年,全职,15k-30k,数据分析工程师,本科
,,,,,,,,,
北京,"移动互联网,O2O",北京互连众信科技有限公司,150-500人,https://www.lagou.com/jobs/4522344.html,5-10年,全职,30k-40k,数据分析经理,本科
,,,,,,,,,
北京,"电子商务,数据服务",北京京东世纪贸易有限公司,2000人以上,https://www.lagou.com/jobs/4605300.html,3-5年,全职,20k-35k,数据分析师,不限
,,,,,,,,,
北京,移动互联网,北京卡车之家信息技术股份有限公司,150-500人,https://www.lagou.com/jobs/5021861.html,3-5年,全职,10k-20k,数据分析师,本科
,,,,,,,,,
北京,企业服务,北京唐冠福合数字技术有限公司,50-150人,https://www.lagou.com/jobs/4654926.html,1-3年,全职,20k-40k,数据分析师,本科
,,,,,,,,,
北京,"信息安全,数据服务",北京航天数据股份有限公司,150-500人,https://www.lagou.com/jobs/4408220.html,1-3年,全职,20k-30k,大数据分析师,硕士
,,,,,,,,,
北京,移动互联网,乐视网信息技术（北京）股份有限公司,2000人以上,https://www.lagou.com/jobs/4027218.html,3-5年,全职,12k-24k,数据分析师/高级数据分析师,本科
,,,,,,,,,
广州,移动互联网,广州市漫灵软件有限公司,150-500人,https://www.lagou.com/jobs/3795647.html,不限,全职,4k-6k,市场助理/数据分析,本科
,,,,,,,,,
北京,移动互联网,北京嘀嘀无限科技发展有限公司,2000人以上,https://www.lagou.com/jobs/5132321.html,3-5年,全职,20k-30k,数据分析专家(J180525004),本科
,,,,,,,,,
北京,数据服务,精硕科技（北京）股份有限公司,500-2000人,https://www.lagou.com/jobs/4723405.html,1-3年,全职,10k-15k,数据分析师,本科
,,,,,,,,,
北京,金融,北京百乘金科科技有限公司,2000人以上,https://www.lagou.com/jobs/5117697.html,5-10年,全职,30k-45k,资深数据分析师,本科
,,,,,,,,,
上海,金融,上海前隆信息科技有限公司,500-2000人,https://www.lagou.com/jobs/4536005.html,3-5年,全职,20k-30k,数据分析主管,本科
,,,,,,,,,
北京,"移动互联网,O2O",北京互连众信科技有限公司,150-500人,https://www.lagou.com/jobs/3615419.html,3-5年,全职,10k-20k,数据分析（贷后）,本科
,,,,,,,,,
上海,"移动互联网,金融",上海数禾信息科技有限公司,150-500人,https://www.lagou.com/jobs/4367503.html,1-3年,全职,10k-15k,数据分析师,本科
,,,,,,,,,
北京,"移动互联网,电子商务",北京值得买科技股份有限公司,500-2000人,https://www.lagou.com/jobs/3698202.html,3-5年,全职,15k-25k,数据分析师（用户方向）,本科
,,,,,,,,,
杭州,"移动互联网,金融",浙江霖梓控股有限公司,150-500人,https://www.lagou.com/jobs/4894988.html,5-10年,全职,15k-30k,资深数据分析师,本科
,,,,,,,,,
海口,"移动互联网,金融",深圳市中电合信科技股份有限公司,50-150人,https://www.lagou.com/jobs/4803952.html,1-3年,全职,8k-10k,数据分析,大专
,,,,,,,,,
北京,"O2O,生活服务",北京五八到家信息技术有限公司,50-150人,https://www.lagou.com/jobs/5083590.html,3-5年,全职,15k-20k,数据分析师-运营,本科
,,,,,,,,,
南京,"企业服务,旅游",华为全资子公司慧通公司,500-2000人,https://www.lagou.com/jobs/3803928.html,3-5年,全职,15k-25k,数据分析师,本科
